page_number,category_id,page_number_book,bbox_max_dim_max,bbox_max_dim_mean,area_max,area_mean,bbox_count,page_type,book_hash
0,1,10,700.4562630854529,650.2018482046451,450124.67370110564,392662.5075885824,6,story,5bce843d
0,2,10,685.9219786604805,379.80296188109594,265824.5572694706,119740.62208420524,10,story,5bce843d
0,4,10,505.9836746186371,347.18292242124437,78298.43333838001,52349.42874397534,9,story,5bce843d
1,1,29,821.9803890525917,657.1074502981947,485493.6843054719,345287.8713596295,7,story,5bce843d
1,2,29,552.2776910546795,371.1724724068065,270936.09324007126,86632.15887471789,22,story,5bce843d
1,4,29,425.59111025894117,231.1453777877011,64075.65626945412,28984.69406161776,17,story,5bce843d
2,1,33,724.5760603348085,670.940783273161,520381.7809994258,409166.86461637745,6,story,5bce843d
2,2,33,605.0867687443053,350.7484879798722,325925.13328359573,107462.06109857747,15,story,5bce843d
2,4,33,404.86993605090726,217.276873906413,61830.51966485294,22653.746224570867,13,story,5bce843d
3,1,13,661.7244108719112,638.9748011341002,434139.92059128627,381331.57293275674,6,story,5bce843d
3,2,13,580.5715012299249,294.2522991898854,274684.59636233345,81628.3608876735,11,story,5bce843d
3,4,13,345.94676926630996,256.5121264756137,75359.03462681304,36903.762150389244,10,story,5bce843d
4,1,44,731.3554205020203,657.3436819175928,521208.38622689655,399898.6899361469,6,story,5bce843d
4,2,44,555.3408554327104,377.43553079590475,218481.4608628151,98409.5811053376,17,story,5bce843d
4,4,44,369.53056174321114,204.70242112542476,43569.678392110545,19363.87353098722,15,story,5bce843d
5,1,43,1870.445853369628,1060.536584374889,2499097.7393760746,1074880.09540106,3,story,5bce843d
5,2,43,976.5935749505743,550.9619077185654,700604.9411641448,238144.8538448986,7,story,5bce843d
5,4,43,427.27945357733654,288.2852146768162,59106.88092803369,30371.726291674287,8,story,5bce843d
6,1,23,982.8026623762702,905.363337988983,496815.4077220694,410632.4437896654,6,story,5bce843d
6,2,23,796.3802831093485,611.2591692446879,246790.12792134736,158100.28660174194,14,story,5bce843d
6,4,23,331.5062523424575,199.21559596619252,36633.181982392445,20351.946347791654,11,story,5bce843d
7,1,21,1389.0802494394557,884.0224169943853,1841663.9279999933,838350.5532448796,3,story,5bce843d
7,2,21,876.9041221933252,494.2147165879281,444709.85180488037,178181.2791691425,9,story,5bce843d
7,4,21,763.1462796371371,306.8634752044804,157566.89485588548,36972.44436444206,10,story,5bce843d
8,1,47,826.3295482112778,678.7534223529162,474642.06343426433,338048.370169002,7,story,5bce843d
8,2,47,508.46645302791364,354.74897977901907,194228.48315086565,83949.08562053704,21,story,5bce843d
8,4,47,313.37675993955924,189.92333295531589,51143.75977990845,18940.76187450933,14,story,5bce843d
9,1,6,921.8740549395161,685.045515580951,532207.9324687535,374725.0488973698,6,story,5bce843d
9,2,6,472.5876644582,316.08438982869876,150423.40835735056,63259.83332250149,21,story,5bce843d
9,4,6,438.1039136408576,282.0360619700486,95489.60768413934,39592.23101442317,14,story,5bce843d
10,1,53,1999.1234772354842,1999.1234772354842,2854349.152014891,2854349.152014891,1,cover,5bce843d
10,2,53,646.3373665799757,608.9438489582828,413028.7213916437,270468.59674390085,2,cover,5bce843d
10,4,53,591.2460880999989,276.55382318463063,180573.78949668875,54579.54369858087,9,cover,5bce843d
11,1,36,667.8529414199816,631.4017356225567,404947.48607842124,335818.90877376974,7,story,5bce843d
11,2,36,562.5493808911463,375.6914202094795,314194.05479536497,90730.98243355143,22,story,5bce843d
11,4,36,379.3578357764897,220.3693989012688,38070.88851852527,22370.418896876963,17,story,5bce843d
12,1,16,756.318365163832,661.0080370748666,453989.240210324,388326.21405542473,6,story,5bce843d
12,2,16,526.8496766734136,213.50391005214314,245834.83478778272,36896.81836934662,35,story,5bce843d
12,4,16,443.8931551907783,227.1964572001143,53565.155786303985,22935.691966206996,13,story,5bce843d
13,1,22,965.286430139098,771.0616249551548,571948.3913293042,386361.5324753443,7,story,5bce843d
13,2,22,959.6559800708435,473.189607147029,556264.3494587856,139673.92980943277,11,story,5bce843d
13,4,22,364.86552125874516,215.1904185104718,51905.97779482307,21609.636501702073,13,story,5bce843d
14,1,48,731.5735216669252,657.2359647651859,421260.70640340337,387014.9324851683,6,story,5bce843d
14,2,48,506.5289981443428,344.5462711159436,229190.05810082893,81429.8809615677,18,story,5bce843d
14,4,48,404.1100257219347,225.02946590236184,57656.743353199294,21709.16959873432,17,story,5bce843d
15,1,50,1686.9314178110537,1686.9314178110537,1885936.1997233308,1885936.1997233308,1,advertisement,5bce843d
15,2,50,383.97101134621835,154.57566084672405,135591.60102205336,18811.545029614255,38,advertisement,5bce843d
15,4,50,541.1354639196909,257.5595154361474,123634.85714629845,41087.51064274076,17,advertisement,5bce843d
16,1,15,1302.3802255017456,853.7694846755868,1690187.8124551673,816418.6442565607,3,story,5bce843d
16,2,15,789.5188788599133,513.7869521620083,350323.8389199994,198240.29754444535,6,story,5bce843d
16,4,15,266.03872445913464,219.33768932635968,37640.754112564646,24744.62067223417,8,story,5bce843d
17,1,40,1327.5206051204104,737.0068553214431,837829.466662003,409679.25833310635,6,story,5bce843d
17,2,40,561.0176944401364,294.16248443741887,249050.31776543395,75340.40425688014,21,story,5bce843d
17,4,40,445.1983035255602,231.33724599745838,148250.25641182627,32011.928567133495,19,story,5bce843d
18,1,49,1335.1686508519476,782.0350844844695,1090286.349326768,441354.9428687094,5,advertisement,5bce843d
18,2,49,497.2451090969804,315.3538992031943,140679.6310952009,75035.26411931007,8,advertisement,5bce843d
18,4,49,732.8196106966711,441.85302666030583,194011.14950648285,67124.09230492299,11,advertisement,5bce843d
19,1,27,1996.7833949760447,1388.9834737992064,2771661.515878529,1628567.0730778603,2,story,5bce843d
19,2,27,1469.3422972920296,396.68870577477537,990854.6258202292,144165.5253632155,13,story,5bce843d
19,4,27,509.9355480866161,309.4643019750532,128370.73630440929,52408.33584465533,8,story,5bce843d
20,1,45,753.9807829829264,668.2224069335504,501573.3729561143,350992.84935080167,7,story,5bce843d
20,2,45,500.64817244354293,304.54451334986,190795.21113294238,89096.18314917725,17,story,5bce843d
20,4,45,398.54305406796027,230.43283347887893,58044.90801941316,29148.322976282965,15,story,5bce843d
21,1,5,831.1056082667416,644.3032193859115,450587.91588316124,313503.31213561224,7,story,5bce843d
21,2,5,453.48649912916585,247.94001664893975,184106.3815770565,39581.61852741592,25,story,5bce843d
21,4,5,779.4313365430388,310.4981303972725,56522.7442459699,33917.421313017745,12,story,5bce843d
22,1,12,646.346221331979,633.4621124570859,393905.1039606391,331495.8117725779,7,story,5bce843d
22,2,12,488.91148342388146,268.4742612078668,148040.28918936945,53582.22529715701,20,story,5bce843d
22,4,12,595.9599995830022,294.0204639518203,61323.8332825857,31995.928883376717,14,story,5bce843d
23,1,14,781.421883822079,647.6692160692274,457690.23968242586,370029.58289476926,6,story,5bce843d
23,2,14,334.78938170777633,216.87946176249847,77810.68469460797,30020.585029850557,18,story,5bce843d
23,4,14,310.9983938010494,234.3443060191281,38571.37474806716,23904.041826185312,13,story,5bce843d
24,1,42,1998.982503350857,1998.982503350857,2846305.5078788567,2846305.5078788567,1,textstory,5bce843d
24,4,42,632.7751870735111,557.5045541911104,228064.79660911084,138839.54558192834,8,textstory,5bce843d
25,1,1,1770.9910446451427,1770.9910446451427,2045753.762358167,2045753.762358167,1,advertisement,5bce843d
25,2,1,329.2601416502895,216.2737940176192,76104.55928889911,34733.28325928456,17,advertisement,5bce843d
25,4,1,1075.5174004213195,242.14504607527718,122177.37878708867,22637.009119365714,33,advertisement,5bce843d
26,1,30,730.8170532171872,634.1087473632224,515776.20201566274,343799.9688528061,7,story,5bce843d
26,2,30,501.89614659580354,395.11283575680255,160683.3576657814,102291.21804704674,17,story,5bce843d
26,4,30,558.8274463940694,251.1910139769779,103873.59332921536,37389.83324150191,15,story,5bce843d
27,1,0,1992.7763366986524,1992.7763366986524,2809210.115031417,2809210.115031417,1,cover,5bce843d
27,2,0,1113.2563808457683,500.45522202240414,827054.2999355943,251737.00067304427,4,cover,5bce843d
27,4,0,584.8723011001069,385.4164714871079,170854.20285702188,66782.43583730773,4,cover,5bce843d
28,1,41,1999.0646299097502,1999.0646299097502,2750826.336141837,2750826.336141837,1,textstory,5bce843d
28,4,41,615.9296080658069,517.4896774281334,374847.39796137466,134634.8654801885,9,textstory,5bce843d
29,1,52,1998.3867630180139,1998.3867630180139,2820275.816089796,2820275.816089796,1,cover,5bce843d
29,2,52,1092.3823344238372,640.3227450228957,1090910.9593632037,407482.36821939854,4,cover,5bce843d
29,4,52,1102.299550012547,408.7499011943976,70831.1956548825,32397.676583677112,6,cover,5bce843d
30,1,28,812.5461350896651,674.3972264186688,537713.1054265863,408418.3037524056,6,story,5bce843d
30,2,28,477.7222943831199,339.72260949561905,192835.98284382225,89839.61203517385,23,story,5bce843d
30,4,28,419.56573218762924,201.4424561881219,53764.19233841164,22622.886220667504,21,story,5bce843d
31,1,4,777.0394553328337,652.6233693448985,498554.2159428737,333075.6844810633,7,story,5bce843d
31,2,4,375.7481662101652,200.97839958581727,105556.17223919631,28585.14257901278,43,story,5bce843d
31,4,4,313.94770428468485,224.07028075065801,55772.60060709813,30938.479147667284,13,story,5bce843d
32,1,11,660.8637698004978,621.4216386301056,384704.7926687128,318171.064705445,7,story,5bce843d
32,2,11,368.6425983512993,241.6014127909813,102844.65253373026,36989.843601747874,27,story,5bce843d
32,4,11,414.761957842225,305.96891472929264,79141.40589686715,41946.247422266555,10,story,5bce843d
33,1,39,717.7484170236895,635.7782735867407,416899.49546860595,319852.8256484179,7,story,5bce843d
33,2,39,437.72331673060626,314.1804046516058,179189.33742882826,67824.30030167785,23,story,5bce843d
33,4,39,422.82843608240927,206.14160023039156,65128.71009853011,23365.348307547272,18,story,5bce843d
34,1,26,690.8661618427556,606.1699511841613,475979.0176155377,332843.0147543783,7,story,5bce843d
34,2,26,461.2400440639122,279.86265827590194,144075.74867949038,55459.75249916257,26,story,5bce843d
34,4,26,404.83145344378966,222.77316246501636,54864.959467671644,29228.25080592615,17,story,5bce843d
35,1,24,783.5422753690851,685.1532406109717,521403.57403481886,393339.5893593091,6,story,5bce843d
35,2,24,675.2162007508002,336.0324378027421,255128.28334634312,100453.3146449455,13,story,5bce843d
35,4,24,338.34864755382796,208.3434918550368,54197.920472114936,21151.10028548487,11,story,5bce843d
36,1,19,681.8087004479344,641.526820480101,410227.50173378084,373694.202708399,6,story,5bce843d
36,2,19,605.4794355276238,337.59779301802706,259256.0756339664,83725.02086733383,24,story,5bce843d
36,4,19,538.623537293406,218.1628212961639,49693.70166132967,17492.002584512255,14,story,5bce843d
37,1,25,671.9157244332869,609.2769638579505,403472.2182660885,322494.9689210117,7,story,5bce843d
37,2,25,520.0010170843241,287.16747643755133,239483.1127759132,74955.87442617718,18,story,5bce843d
37,4,25,379.07227689976,246.15095686066584,57934.67053932134,27858.976131435033,13,story,5bce843d
38,1,9,775.4030712496849,649.0381571969382,459394.2511646884,327633.6072711213,7,story,5bce843d
38,2,9,439.7405364712572,303.4993058507548,158192.78298129,68700.80585601345,7,story,5bce843d
38,4,9,395.6565386927552,262.79677135950203,65511.74648173893,39310.40957337002,10,story,5bce843d
39,1,32,748.3487831286105,642.8328396913192,502605.0949886711,345857.23554069706,7,story,5bce843d
39,2,32,602.851351962613,318.82479016102525,186737.76296913653,65055.01487238253,28,story,5bce843d
39,4,32,385.672858731228,201.88676825253185,68373.17125438877,24987.928807411026,17,story,5bce843d
40,1,46,1339.7535493154974,739.9103803337117,794239.9100792701,385840.1218314701,6,story,5bce843d
40,2,46,566.9342483465921,363.27362785531335,175302.69284570924,83158.0624264216,19,story,5bce843d
40,4,46,353.1564720286329,210.56724584640247,37571.266059547415,19948.82615152222,14,story,5bce843d
41,1,37,735.294574040115,657.55124933765,421144.67976482376,338308.9046588892,7,story,5bce843d
41,2,37,565.9227942547458,301.3538443058955,234800.87684234508,68338.9164336782,26,story,5bce843d
41,4,37,321.43041998918693,198.49761437015624,42194.07257225397,21555.008833006177,17,story,5bce843d
42,1,51,1313.791267809409,649.2028118346075,308605.94944775896,234088.87952819112,10,story,5bce843d
42,2,51,401.41483766499516,205.18349836908328,134672.13532599926,39400.433962514835,22,story,5bce843d
42,4,51,508.5592322379786,304.6971281648784,61977.58472341495,32058.867482325724,22,story,5bce843d
43,1,35,690.5138876604449,627.6818181112575,404172.2555032907,331760.6580102875,7,story,5bce843d
43,2,35,536.197352781962,416.7124161202344,155398.86084012926,104514.85614089048,14,story,5bce843d
43,4,35,327.17115193449285,203.63468750897744,42237.302268678715,18704.803250972724,17,story,5bce843d
44,1,34,1343.5449478490182,891.3599220098723,1691922.4412742218,846206.9482857237,3,story,5bce843d
44,2,34,795.9317644790805,403.8748646306615,549704.1026899605,137233.28654988806,12,story,5bce843d
44,4,34,301.98979206784617,173.85870174400932,30558.268088922334,15447.554713841677,13,story,5bce843d
45,1,31,714.9573961483536,648.720455229654,473707.1017479318,388228.22199650697,6,story,5bce843d
45,2,31,558.4041744139522,373.05352570397366,206569.80922967618,95164.66339639913,16,story,5bce843d
45,4,31,484.3114831849239,240.92167516988565,81853.44030275717,26955.857145290407,17,story,5bce843d
46,1,20,713.3567492586142,622.7554835473248,483327.3953055844,333405.24044855253,7,story,5bce843d
46,2,20,564.7642422566371,279.56214929003386,191306.6613000455,53573.07837136372,18,story,5bce843d
46,4,20,463.4526952549482,231.2676115157873,86667.70206356414,28456.292206217397,16,story,5bce843d
47,1,17,673.8907488877364,612.6456189416938,393047.5187773295,320696.09914887353,7,story,5bce843d
47,2,17,399.55114164587644,271.6040789687592,122902.09887281076,51982.88555948491,27,story,5bce843d
47,4,17,351.1914759010923,189.03481570890503,47532.56351753754,20515.472961053827,16,story,5bce843d
48,1,18,635.9811915462589,609.3192183129688,386657.5803606616,328385.7735296822,7,story,5bce843d
48,2,18,511.603333680245,266.8835413622994,235887.11236762122,62595.92023257679,23,story,5bce843d
48,4,18,347.178210674714,190.02008150864592,43412.10107512728,18355.23919903198,16,story,5bce843d
49,1,7,867.8221859275917,667.3889168061645,489714.4155556833,335975.3992987118,7,story,5bce843d
49,2,7,404.7253967296649,232.6840630575502,95521.12299249083,38946.55105401624,18,story,5bce843d
49,4,7,808.1517044879336,309.0718416120133,89551.41321412555,43524.42870453947,19,story,5bce843d
50,1,2,1867.6705027317917,1867.6705027317917,2542881.818660975,2542881.818660975,1,story,5bce843d
50,2,2,1161.2358746881473,515.5777598978643,807420.5683649877,264618.0294288366,6,story,5bce843d
50,4,2,466.32585921075884,466.32585921075884,185091.81942274087,185091.81942274087,1,story,5bce843d
51,1,3,708.4776386885158,652.6233547060814,459076.20289350866,382877.85772632016,6,story,5bce843d
51,2,3,445.30496110666536,197.77708320231275,114423.40750215678,30660.283249287488,37,story,5bce843d
51,4,3,640.2393612542164,277.6081767105587,99971.62116349772,32744.573586540922,19,story,5bce843d
52,1,8,838.7437417193619,668.7686117778198,556539.4108715429,390209.19251489214,6,story,5bce843d
52,2,8,778.0190653836462,255.51117728740374,374549.74127779197,57061.36834593456,16,story,5bce843d
52,4,8,430.2954709263653,254.7316169671157,64671.45980770382,32096.1315857841,14,story,5bce843d
53,1,38,802.9130237412116,673.2650839566649,521382.85159230797,343936.1771682973,7,story,5bce843d
53,2,38,538.3350887309359,363.91445422637264,192071.09777466118,71758.9370257888,22,story,5bce843d
53,4,38,526.5549738452492,218.95064094160767,62126.7618822613,23040.43209691927,16,story,5bce843d
54,1,10,597.3771196548887,506.06575267161315,266780.1552261801,218043.0044660063,6,story,f26df67e
54,2,10,386.64956537987666,289.66206402161947,125703.26816466682,74666.2418072142,8,story,f26df67e
54,4,10,567.7232086291023,359.2165236051069,34609.96814107763,21930.446406982603,6,story,f26df67e
55,1,29,984.7873669422654,500.8541596919251,702875.700599958,218952.86099131717,6,story,f26df67e
55,2,29,396.9026967004734,294.2197901287945,104627.02214618563,67150.80928095248,5,story,f26df67e
55,4,29,392.24358745498165,228.56776120924673,27906.138753351934,15124.727702720873,9,story,f26df67e
56,1,33,666.5068218566709,523.9242436645903,271606.22849419195,169609.5777135348,6,story,f26df67e
56,2,33,448.97238717027886,280.44759459445334,176749.39231537003,62903.16379650961,7,story,f26df67e
56,4,33,635.0265157114286,278.45981352812726,37477.16651242353,17904.869340714613,14,story,f26df67e
57,1,13,572.6417910794368,504.76510071597977,268082.45661788364,217852.91961118567,6,story,f26df67e
57,2,13,390.5554805531592,343.1528384393464,137938.68892895518,92397.70868378914,6,story,f26df67e
57,4,13,537.2898992218195,315.6717459235026,24927.887262325145,15973.39676974337,8,story,f26df67e
58,1,44,474.01734439057606,442.5663344179073,148576.6084516076,139326.83279119135,9,story,f26df67e
58,2,44,291.03540282697463,170.8240676976433,84436.0899821536,31075.786192848318,5,story,f26df67e
58,4,44,315.37189583979523,236.0223241646933,26708.976646124196,15350.981008188914,13,story,f26df67e
59,1,55,503.596945468933,495.3314790293176,171804.46636284958,167118.27303503986,8,story,f26df67e
59,2,55,328.2843834577528,216.82521959926137,75873.78617031689,37104.754544081,15,story,f26df67e
59,4,55,455.5067719195808,231.91191971694454,59707.70038514885,22627.330301040587,16,story,f26df67e
60,1,59,496.20644042522804,453.8187430421019,174019.07252782243,148275.11865718727,9,story,f26df67e
60,2,59,479.5426577685587,287.1115972566359,151219.20960206134,58002.76228822336,11,story,f26df67e
60,4,59,465.9924363188089,231.50384509797016,35203.59809470933,19515.46262838943,12,story,f26df67e
61,1,43,477.10709590980093,441.1589947830207,165776.261075498,142969.04845912423,9,story,f26df67e
61,2,43,317.7114519835012,224.53539760335534,95680.48638194302,45058.263656213385,11,story,f26df67e
61,4,43,325.5249355369801,254.22663826235325,22410.762238416624,16873.236999135283,9,story,f26df67e
62,1,23,991.7010845061272,738.1162047847624,679098.3146301472,337151.3414441425,4,story,f26df67e
62,2,23,329.18546826824627,165.55894248528827,71121.79385608294,23716.707054735118,11,story,f26df67e
62,4,23,852.0964685255482,215.63118996041254,37879.96579917883,17012.2419526315,10,story,f26df67e
63,1,21,875.3932438460564,580.1875588167625,393201.5133541123,261347.39168942737,5,story,f26df67e
63,2,21,420.7796459165676,313.41406220781374,175112.90105334623,76378.88734465119,7,story,f26df67e
63,4,21,451.8165225651364,333.5006488456126,54727.9485082607,22598.352234253736,7,story,f26df67e
64,1,47,499.17093265934164,489.5347299312868,174675.33340414046,162259.38170066464,8,story,f26df67e
64,2,47,474.5280995627952,246.68298682751316,125821.30816948388,49264.56234856361,13,story,f26df67e
64,4,47,482.47364246966856,365.70723118189125,44972.160378275126,24668.21536239871,12,story,f26df67e
65,1,6,892.8046797944695,594.3364283932943,391133.12882965547,263514.7066826863,5,story,f26df67e
65,2,6,490.5347800753117,322.70714231744483,164726.34798634695,80145.43900453075,10,story,f26df67e
65,4,6,414.3154670456602,310.2122988352631,59519.57225228838,27089.4437784976,11,story,f26df67e
66,1,53,998.5069237607288,443.3992931636856,330509.56237663096,143339.6498191267,9,story,f26df67e
66,2,53,250.86412477861398,201.46858753638017,42255.88669226801,26427.78064762647,22,story,f26df67e
66,4,53,418.64436580972426,212.10163103755195,29666.48583171652,16438.550336565662,16,story,f26df67e
67,1,56,493.5163730719151,482.18166475265457,170072.3788903745,162754.607563256,8,story,f26df67e
67,2,56,291.5213891275183,257.47240175411537,72509.75501755453,52144.45230149242,8,story,f26df67e
67,4,56,480.31894155649036,214.9889661159154,31119.399127404562,15327.131170921872,14,story,f26df67e
68,1,58,501.69104864658453,490.10413248416705,166823.48861265893,158283.2033273566,8,story,f26df67e
68,2,58,472.8357684795674,223.6105608202161,129635.29752097515,43888.885253235814,19,story,f26df67e
68,4,58,499.3516188401443,284.7414072786689,32142.380793756565,14227.64924867908,13,story,f26df67e
69,1,36,970.6131638915274,451.85365311249984,334952.8775865491,144187.91780388294,9,story,f26df67e
69,2,36,317.7957515627154,232.90228455885827,83811.85772448678,45974.610270299316,17,story,f26df67e
69,4,36,335.82599502534026,165.19223382180473,24515.125338479826,9533.853542707167,20,story,f26df67e
70,1,16,994.1884784619605,594.11155312083,441847.15851518244,264319.45696749806,5,story,f26df67e
70,2,16,624.0711730166115,376.6179848008713,202102.74722773788,98746.6750870796,5,story,f26df67e
70,4,16,461.8346017270105,262.2534968698944,71860.7828912637,30843.15550484985,9,story,f26df67e
71,1,22,684.3063841746929,521.7101098396125,308767.92858518794,219797.29258547732,6,story,f26df67e
71,2,22,650.0745114562332,294.9960363087287,249266.4586135384,74160.70891048154,9,story,f26df67e
71,4,22,551.556907584393,307.4797969201439,50277.91454228825,22797.06295212182,9,story,f26df67e
72,1,48,680.5071571161913,516.471982892979,330521.75195094605,183158.6903483374,7,story,f26df67e
72,2,48,409.72941417289167,244.37580939798877,93177.76905615546,48577.66862485326,9,story,f26df67e
72,4,48,476.69441381748425,352.54612485613745,31705.95685704926,21644.323102569775,8,story,f26df67e
73,1,50,969.3010440528772,418.1766515807675,345379.9487496527,124341.19132479688,10,story,f26df67e
73,2,50,283.7013610217208,198.69538318123216,75040.74087962981,23170.505361096184,26,story,f26df67e
73,4,50,473.9830256047445,273.7073475079542,47202.97538792577,26495.667780419746,9,story,f26df67e
74,1,15,980.6429050551784,607.0471612829735,432522.1318128707,263792.0285203104,5,story,f26df67e
74,2,15,486.9973754041413,365.38728738767685,172141.45954858142,103982.76123245328,7,story,f26df67e
74,4,15,565.8424214630506,305.13789065198677,51147.96871028217,22661.037428321284,11,story,f26df67e
75,1,40,532.1411517112185,420.1986012023021,167437.8266501155,134387.78566366713,9,story,f26df67e
75,2,40,338.91439416533785,236.8361416745591,99511.86252581878,40995.02687113364,10,story,f26df67e
75,4,40,614.130610455223,234.57790607823662,38544.553631937066,18271.929436198916,12,story,f26df67e
76,1,49,509.79117771229664,491.8700768918021,179736.36127392953,158957.82133235465,8,story,f26df67e
76,2,49,382.26463739833196,243.88813886467233,107440.16669076974,45177.52111216044,13,story,f26df67e
76,4,49,501.39581448597323,301.6355774666213,30384.4213567655,17616.947035185454,16,story,f26df67e
77,1,27,550.1585123899853,486.7008213582761,191843.20760679635,164523.34262333033,8,story,f26df67e
77,2,27,415.7919013162997,235.4594511673501,102081.85526462107,40648.236759104075,23,story,f26df67e
77,4,27,287.7002319638842,180.85470886276994,22854.76556474696,11398.154094254423,14,story,f26df67e
78,1,45,993.8974398856719,599.3505385039955,699885.1658428845,272735.10138682585,5,story,f26df67e
78,2,45,364.3821703435175,212.06483695537764,104050.57871437582,41636.25127565399,5,story,f26df67e
78,4,45,479.13355377129955,262.4119762574291,42125.38838331127,19944.559253226158,13,story,f26df67e
79,1,5,971.0952358734913,590.3938234044542,419724.5421676334,258525.46572721508,5,story,f26df67e
79,2,5,375.2122145432693,179.0434834123366,91917.2671995795,29517.202589601282,12,story,f26df67e
79,4,5,614.0863563341971,403.272219926883,26870.386689950446,20596.973295028994,8,story,f26df67e
80,1,12,988.8621589359844,741.0666560926877,461514.31560684793,335417.2690579143,4,story,f26df67e
80,2,12,497.2779542361866,364.39220423071487,197242.77458581812,112586.91841348677,9,story,f26df67e
80,4,12,468.59205048137505,356.67202012677615,32350.66561844443,21519.561069785268,4,story,f26df67e
81,1,14,985.3509955772987,734.8257380509988,464553.1374924664,339369.9902170503,4,story,f26df67e
81,2,14,442.49319027631714,293.85959932961475,173994.64706005418,70917.36112403603,10,story,f26df67e
81,4,14,551.1395240196814,212.05995858999398,30736.66040136677,12447.936557218638,5,story,f26df67e
82,1,42,646.9370799205307,461.85013126664455,297695.7279611067,158475.2133939715,8,story,f26df67e
82,2,42,373.90958361588855,259.31056182018386,104484.85153176697,55182.153697872534,6,story,f26df67e
82,4,42,403.8325521523281,271.0254352791499,20594.963422795656,16188.107651895689,8,story,f26df67e
83,1,1,981.7097735345807,648.4654699282966,920393.1597290348,446260.0238773702,3,story,f26df67e
83,2,1,359.07484757870657,321.7328817390524,98985.86295802596,68239.91987834059,3,story,f26df67e
83,4,1,563.4480125500509,315.6897135307233,198834.6966231783,47987.56620062095,7,story,f26df67e
84,1,30,663.4552942303653,464.41608430422644,401265.88671774126,173264.79850826436,8,story,f26df67e
84,4,30,589.3916475408031,277.2971476508236,43856.383552937456,18334.65441210694,15,story,f26df67e
85,1,0,1172.9785662029585,1172.9785662029585,1005401.4018617475,1005401.4018617475,1,cover,f26df67e
85,2,0,554.7032912234043,363.08349984460386,245329.08381847196,135216.16373330358,2,cover,f26df67e
85,4,0,767.423365565348,337.32532119940294,42871.89088172694,19067.393154632184,5,cover,f26df67e
86,1,41,466.9421357629079,437.39611342057077,149943.46472300467,140648.56281287596,9,story,f26df67e
86,2,41,414.1662572373375,320.923150589946,108958.99936725797,72848.94939382725,5,story,f26df67e
86,4,41,323.29127151156905,184.46321416092024,22751.80627161351,11080.341753540954,17,story,f26df67e
87,1,52,647.0696212057571,428.19334440569986,239235.90470402173,136909.01702266347,9,story,f26df67e
87,2,52,528.6986319804637,188.6979117839176,164461.56207500762,31668.669362950935,20,story,f26df67e
87,4,52,318.51862590359633,270.78372436010187,23983.87269256426,16620.61721201216,10,story,f26df67e
88,1,28,604.231569014707,491.6361021536868,292147.8006931121,173657.47882932183,7,story,f26df67e
88,2,28,443.710687435919,165.71111484753388,149514.90723874274,30944.298648825847,14,story,f26df67e
88,4,28,479.6137936962581,256.424518334041,26071.554218011177,14591.1061950086,16,story,f26df67e
89,1,4,887.342311657299,578.3231823134804,421739.69365157274,262642.04312005587,5,story,f26df67e
89,2,4,348.40164868628517,312.7315702026353,103487.40296737882,77186.45253402992,2,story,f26df67e
89,4,4,410.2103211913254,285.6338350723557,41356.58879195135,19386.778326658285,8,story,f26df67e
90,1,11,982.7520104285472,589.4121852465003,440339.4181630569,265846.6687318472,5,story,f26df67e
90,2,11,505.8882646373984,291.76321211115555,180011.41403143862,71006.4088098196,13,story,f26df67e
90,4,11,448.0811283941403,207.9196781915357,18130.053468926417,11045.422104846177,6,story,f26df67e
91,1,39,977.7124201456705,597.7064181587596,695892.7415208127,266687.9275754112,5,story,f26df67e
91,2,39,302.1341588360244,261.8876846287915,57107.28060171177,49336.885230782274,3,story,f26df67e
91,4,39,766.6228688557943,231.34879416026925,51632.55590149644,16984.223738237193,10,story,f26df67e
92,1,26,991.8451855567193,578.3682739933824,660513.8889861021,253511.74190423204,6,story,f26df67e
92,2,26,311.9055266799596,207.61171783475052,97247.28177350305,30777.470185038583,20,story,f26df67e
92,4,26,456.2483354415451,274.6723990728285,30263.713560227807,19179.31992141782,8,story,f26df67e
93,1,24,493.5521840993978,481.20521447203004,171167.32557809673,161467.38660611596,8,story,f26df67e
93,2,24,467.40401355879084,266.2553267664,153047.55253528207,56860.21907815911,18,story,f26df67e
93,4,24,464.44662383873344,245.81272570555097,28110.617850666822,15090.532703388037,10,story,f26df67e
94,1,19,581.4511794139439,495.0525557400897,253098.49105078622,217314.96039477907,6,story,f26df67e
94,2,19,483.5768677801148,365.82953085660984,173328.11553504868,100277.64958847767,9,story,f26df67e
94,4,19,530.517572336168,378.5425081928801,55708.95238452607,26496.39413335912,6,story,f26df67e
95,1,25,871.4595861947664,580.6745159522143,339191.25889551354,212832.2230556526,6,story,f26df67e
95,2,25,348.6655980213502,209.11772243021093,91814.02729269238,37468.03510693686,9,story,f26df67e
95,4,25,465.6001368865251,261.71706960760986,92234.16185475868,28435.690888111458,11,story,f26df67e
96,1,9,522.2078185059132,470.19862844059696,233765.64383703528,185481.59702117668,7,story,f26df67e
96,2,9,488.4807021880169,315.9645498528613,161470.16612205596,79823.48486607696,10,story,f26df67e
96,4,9,477.5127626497423,264.37289248232275,23517.437309652047,16975.566270802214,9,story,f26df67e
97,1,32,974.0997796322907,513.6350470310043,481305.7076360345,184715.86837723042,7,story,f26df67e
97,2,32,439.2971270702536,272.0665222124479,117412.46595102736,56740.14356033951,8,story,f26df67e
97,4,32,482.71200372208443,227.52036891397157,38158.50180392273,21667.438356369294,12,story,f26df67e
98,1,46,484.8696444553221,480.6047568973313,174296.96878084206,159033.00711423703,8,story,f26df67e
98,2,46,369.0738019540943,224.42344492801533,81050.56760658603,40026.51265757501,15,story,f26df67e
98,4,46,473.21242708932414,262.7180635548216,39720.678993719994,19437.075187929,18,story,f26df67e
99,1,37,541.8024239236407,400.87689769304774,186796.7629240889,118953.6210713542,11,story,f26df67e
99,2,37,370.7440151554315,201.67777998556656,91449.24420473429,33544.963449695,26,story,f26df67e
99,4,37,223.10783382444174,126.99451837735661,16685.06081164789,6359.221482848831,13,story,f26df67e
100,1,51,658.4621227297009,360.5192814773663,224220.0409255408,112793.91439294646,11,story,f26df67e
100,2,51,298.898420268128,219.39769586667776,62866.69785782598,33629.20639418101,15,story,f26df67e
100,4,51,342.23951945424506,210.07636482428788,28110.692367871827,16253.44081547691,15,story,f26df67e
101,1,35,995.8432674234422,439.9310955433998,694892.3627579283,190454.90035186446,7,story,f26df67e
101,2,35,522.2776053244331,261.5093771522153,220493.06332723127,48146.157005937755,17,story,f26df67e
101,4,35,314.63696221750496,147.24862740173705,15076.38234793612,7626.202572117474,9,story,f26df67e
102,1,57,512.6648630752752,495.181904635812,171739.7567148443,159990.3175969185,8,story,f26df67e
102,2,57,306.27940287919523,211.93180632939305,90867.9166362328,36750.792706131295,14,story,f26df67e
102,4,57,488.58640222204986,328.79980318402335,42806.830552622334,22105.314499316864,12,story,f26df67e
103,1,34,534.090195402614,421.02242448965495,213369.2178380717,132195.3842605578,9,story,f26df67e
103,2,34,311.24895215128754,214.77336005364123,73232.36812693941,35412.23451944525,11,story,f26df67e
103,4,34,483.8694434911382,244.577062503796,63683.51674889447,20819.95187566701,19,story,f26df67e
104,1,31,997.6967359594909,502.53147781126745,490571.1164677237,191004.06586929812,7,story,f26df67e
104,2,31,488.8466469738678,296.69810643459084,157872.78598600792,76414.20755609893,7,story,f26df67e
104,4,31,302.9800495308623,176.5406254240656,28195.24000940746,15203.187649345502,10,story,f26df67e
105,1,20,897.7842293798396,696.4358240934885,432393.6058369149,326760.4224544954,4,story,f26df67e
105,2,20,475.03398523921476,294.382603883581,217322.21361574088,86733.77314493716,6,story,f26df67e
105,4,20,465.84271302497973,316.81106915554136,41353.46394796505,23614.015338041685,5,story,f26df67e
106,1,17,981.4065938633535,702.0477962221222,505937.7488412835,332353.02339036565,4,story,f26df67e
106,2,17,227.0232406153649,147.393772143959,44602.39632046726,21727.559768957635,3,story,f26df67e
106,4,17,374.947982093931,259.4767562589951,41651.32817280781,18656.917826616947,6,story,f26df67e
107,1,18,977.6138110564436,744.1087884490522,449526.19863730954,343769.4717068524,4,story,f26df67e
107,2,18,376.19459840381705,270.8463087128461,117201.69642242271,66539.42146166677,6,story,f26df67e
107,4,18,478.3871383898377,351.5458196943794,44213.98763428653,23464.70397409213,6,story,f26df67e
108,1,7,929.0374501414542,566.5655722813423,484418.6599985307,262967.6639339737,5,story,f26df67e
108,2,7,326.92052086766245,254.16723245845174,72073.60455317711,54597.42733786578,3,story,f26df67e
108,4,7,479.80350011631515,296.3033896463288,28699.017487736583,17570.189019117828,8,story,f26df67e
109,1,2,976.2412899575813,591.8521341665373,427919.2195129832,259835.18414955836,5,story,f26df67e
109,2,2,395.7330209518025,270.77854363441077,84073.84632666208,59137.04531290448,9,story,f26df67e
109,4,2,489.7486976810747,286.4269785992265,64352.78550612561,22631.621674315254,10,story,f26df67e
110,1,3,965.0308322659333,583.585560383356,469869.0088321251,261598.44596936638,5,story,f26df67e
110,2,3,447.29925289737787,279.155882193602,130213.92245170721,57714.19724361971,8,story,f26df67e
110,4,3,521.6269116629114,360.6771688649492,49196.25117060381,22758.425821936642,7,story,f26df67e
111,1,8,554.4310691629457,483.7490471915833,241216.23003221088,186635.51475007142,7,story,f26df67e
111,2,8,345.1425258908878,233.9813426629769,101601.22486926994,51524.031241976714,7,story,f26df67e
111,4,8,537.7577911957519,347.1387447922541,43430.90156850561,25410.737384724427,11,story,f26df67e
112,1,38,553.2478419099591,455.25911697406093,185834.31535840954,145187.88795098176,9,story,f26df67e
112,2,38,310.6215983880661,201.21030905077774,77569.47812042471,35122.84642808713,20,story,f26df67e
112,4,38,465.22814103371843,199.88716568305082,23482.630409106063,11576.790427319207,14,story,f26df67e
113,1,54,983.400630457657,584.6061963510737,711586.7297646092,271396.9293848981,5,story,f26df67e
113,2,54,508.4935017152821,357.34684181190954,174723.2682062126,95480.98940372923,7,story,f26df67e
113,4,54,952.9606183085982,384.11983061747685,142042.4925699335,36729.59051491467,7,story,f26df67e
114,1,10,1652.4818289628743,1652.4818289628743,1992391.7824352067,1992391.7824352067,1,story,d1a21da7
114,2,10,628.1813515268283,420.40404380628553,352392.3090209526,133892.3195634392,10,story,d1a21da7
114,4,10,1011.2335866418526,339.74893810968274,359391.1231286741,62535.74183142268,9,story,d1a21da7
115,1,29,641.1562448285031,552.3070352676784,248185.4538686848,203913.58578864686,9,story,d1a21da7
115,2,29,366.14118338376426,266.46933265725517,105641.42388686538,44836.397641684474,21,story,d1a21da7
115,4,29,401.86909808381586,243.97471414029505,85673.24360970242,31628.229952801816,21,story,d1a21da7
116,1,33,1816.7342743109543,1816.7342743109543,2238359.68654553,2238359.68654553,1,advertisement,d1a21da7
116,2,33,464.09017869451344,207.7356489713275,176688.69857941085,44421.584153836084,14,advertisement,d1a21da7
116,4,33,560.6868624207334,232.93578957284913,108766.59395316018,26866.10726051482,20,advertisement,d1a21da7
117,1,13,1227.186402314577,893.8062732554413,1433307.392050246,864230.1888065396,2,story,d1a21da7
117,2,13,498.4045871243452,253.8144762574453,229292.5744270656,50600.60642661719,24,story,d1a21da7
117,4,13,614.8579662944583,316.3377676569807,67307.41240973693,33285.95416317066,14,story,d1a21da7
118,1,23,1708.017959137911,1708.017959137911,1985180.439020099,1985180.439020099,1,story,d1a21da7
118,2,23,474.9555094602978,311.69095616918645,150906.3439948557,81983.11755768639,14,story,d1a21da7
118,4,23,702.8023331954785,331.4576803360759,87881.83779971102,33047.59199941524,19,story,d1a21da7
119,1,21,1834.8282060086265,1834.8282060086265,2234360.8167596282,2234360.8167596282,1,textstory,d1a21da7
119,4,21,568.2001740419079,547.2606342190516,161077.27827960742,101553.53081492253,10,textstory,d1a21da7
120,1,6,1830.9862149582816,1830.9862149582816,2181503.0187388,2181503.0187388,1,story,d1a21da7
120,2,6,716.1456808392957,342.7383424811504,298791.398773387,99198.99026643115,14,story,d1a21da7
120,4,6,460.73925269678796,212.55654452925185,84408.03997431551,27763.057432254813,22,story,d1a21da7
121,1,16,1726.8816378461822,1726.8816378461822,2095134.5272799926,2095134.5272799926,1,story,d1a21da7
121,2,16,521.988551363032,292.5381411294662,178014.97207385505,68200.71968280469,15,story,d1a21da7
121,4,16,806.0892643283016,306.96115028160716,68367.97220038979,33208.28726406835,16,story,d1a21da7
122,1,22,1695.01135743331,1695.01135743331,1952959.589335448,1952959.589335448,1,story,d1a21da7
122,2,22,775.7648393461832,361.37079419320446,328847.8459873377,86989.50391810863,15,story,d1a21da7
122,4,22,1092.5719053711746,376.3741480095752,263738.1097195432,60429.05402352494,12,story,d1a21da7
123,1,15,695.8394937275986,592.6402753600165,388374.14587556606,310404.6221420728,5,story,d1a21da7
123,2,15,523.2593224427901,294.4811277193805,246941.64544421813,71852.91670190207,15,story,d1a21da7
123,4,15,459.7388509787703,232.24081617241603,71766.19797974199,27318.683047932915,17,story,d1a21da7
124,1,27,1179.496450175316,760.2071286081874,1315941.2243200045,638275.8030126577,3,story,d1a21da7
124,2,27,579.3188439787411,350.153424472961,291310.1952882971,94679.97188088864,12,story,d1a21da7
124,4,27,732.6795776468156,340.31468952474495,123005.67189966075,51041.200631380314,10,story,d1a21da7
125,1,5,1148.768287324235,752.7863434541863,880910.980759006,485912.7988904197,3,story,d1a21da7
125,2,5,454.8700171592568,334.57663030700087,194115.82730470112,86692.88867014165,16,story,d1a21da7
125,4,5,572.3408852012682,307.26262635347706,78587.10527949569,37134.61914993825,16,story,d1a21da7
126,1,12,1727.9501610599518,1727.9501610599518,2137723.943381419,2137723.943381419,1,story,d1a21da7
126,2,12,802.2729191551143,335.22524517487756,285373.90490668174,70642.85697734998,13,story,d1a21da7
126,4,12,474.3387888363317,300.5411167194804,59930.01253752241,36316.52967173884,14,story,d1a21da7
127,1,14,725.1487904841294,627.1418291156239,413052.65202714165,339930.0117261152,3,story,d1a21da7
127,2,14,477.42183615631177,337.365365165572,158383.41075282375,70769.07819622199,14,story,d1a21da7
127,4,14,570.3240265069272,249.54450694258432,84514.68492957913,30920.477328200166,15,story,d1a21da7
128,1,1,1767.9959114030173,1767.9959114030173,2051608.2186821243,2051608.2186821243,1,story,d1a21da7
128,2,1,958.3958040358453,580.0873442747916,566407.4868584455,232679.16710795555,7,story,d1a21da7
128,4,1,1150.6504977857044,364.4111539484681,159705.66631812663,52577.76474289477,8,story,d1a21da7
129,1,30,607.3948061437936,548.4226785356583,316522.133568296,226390.0720096362,8,story,d1a21da7
129,2,30,465.9711183054177,302.0333747600986,200473.5238248783,75580.26969470545,15,story,d1a21da7
129,4,30,475.3137923904053,253.19291959615958,77812.34500143354,32928.82894425161,15,story,d1a21da7
130,1,0,1791.7214876755643,1791.7214876755643,2279899.698464473,2279899.698464473,1,cover,d1a21da7
130,2,0,207.52780785162872,207.52780785162872,25596.759184776594,25596.759184776594,1,cover,d1a21da7
130,4,0,602.6211989267557,400.4029490679721,34984.96793722002,34570.479069895286,2,cover,d1a21da7
131,1,28,1164.6375625732355,627.6549888141286,858769.1157847603,315279.78171893395,7,story,d1a21da7
131,2,28,398.62724401595756,254.9940021054965,130852.84604732704,46113.54526929798,24,story,d1a21da7
131,4,28,750.5930779569892,285.10980382231645,114995.0440238312,33610.33798104775,18,story,d1a21da7
132,1,4,1112.9247010270196,1112.9247010270196,1187923.9779433971,1187923.9779433971,1,story,d1a21da7
132,2,4,634.8784620988572,294.60702991476154,246807.19701709828,65024.615746856696,17,story,d1a21da7
132,4,4,746.5320534360353,278.9807496735195,59750.825809122536,27114.238564218955,23,story,d1a21da7
133,1,11,729.7063796698372,579.3066273945558,469537.5197168949,312015.48171359854,6,story,d1a21da7
133,2,11,513.7130901470985,294.13992613627215,146338.46398921212,62507.268680899506,13,story,d1a21da7
133,4,11,562.5382224462367,291.3916291604201,38998.8643897106,24152.38755567481,16,story,d1a21da7
134,1,26,1820.2155318098585,1820.2155318098585,2121150.2288420587,2121150.2288420587,1,story,d1a21da7
134,2,26,426.5442968823552,239.918021446668,141357.7186018303,48490.9833581016,18,story,d1a21da7
134,4,26,438.76057067652334,256.81387152352767,84148.1451238647,40641.90778792427,14,story,d1a21da7
135,1,24,1216.30569969986,731.0934597818006,1366832.9289398268,523288.2441565311,4,story,d1a21da7
135,2,24,437.58352670901184,266.81481845269957,178653.67828070663,54198.35603797285,16,story,d1a21da7
135,4,24,465.6790649986216,283.4872778803605,71927.18607015046,29593.148962594794,14,story,d1a21da7
136,1,19,1746.2890179935225,1163.0822904281888,2051301.3102899897,1138614.4257165636,2,story,d1a21da7
136,2,19,463.28294626240694,316.2764425610821,202029.25107575828,78802.0963666847,15,story,d1a21da7
136,4,19,627.0696232251172,241.787723407914,74201.70261837779,25791.517470623043,19,story,d1a21da7
137,1,25,1129.939456894472,732.8107271418978,1255398.2509798803,480334.2834675487,4,story,d1a21da7
137,2,25,486.8424448520759,329.54019643732295,168620.08818350473,67631.5509435317,10,story,d1a21da7
137,4,25,615.230476288944,338.0367131662107,106699.91960330722,42136.47855631518,13,story,d1a21da7
138,1,9,1832.206902241442,1832.206902241442,2082479.726605341,2082479.726605341,1,story,d1a21da7
138,2,9,816.4825603102272,346.9056545967512,205459.56623643337,82226.00032619554,16,story,d1a21da7
138,4,9,417.6228955576234,251.7708235130365,86671.08544372911,28839.574468784944,18,story,d1a21da7
139,1,32,693.6160915886878,548.6155849588389,251507.25195093846,201914.73986768012,9,story,d1a21da7
139,2,32,409.7114507883107,275.318528040731,98743.80235958497,44072.15197756908,15,story,d1a21da7
139,4,32,409.3168855114419,211.01698011102144,49805.135275358436,21800.28034420024,25,story,d1a21da7
140,1,35,1781.8479334781498,1781.8479334781498,2182445.566333625,2182445.566333625,1,advertisement,d1a21da7
140,2,35,518.4518324935127,335.2350224675876,102694.62240772256,67043.98734492368,3,advertisement,d1a21da7
140,4,35,615.7749819065343,434.144881511733,84490.67893506461,40511.77062346968,9,advertisement,d1a21da7
141,1,34,1804.2771521453647,1804.2771521453647,2307437.8267376563,2307437.8267376563,1,advertisement,d1a21da7
141,2,34,272.0832105007039,272.0832105007039,59972.3731945199,59972.3731945199,1,advertisement,d1a21da7
141,4,34,703.3562517231871,306.8225611817324,74510.49653151994,27631.593937469224,17,advertisement,d1a21da7
142,1,31,723.4394008908878,577.5692237868302,489515.0279119926,243168.68881953481,8,story,d1a21da7
142,2,31,384.7163451160107,227.6784002428039,84513.04639536887,33975.22565096275,19,story,d1a21da7
142,4,31,406.8362282878412,249.7307235322494,76729.52957508601,31418.651508706476,19,story,d1a21da7
143,1,20,1825.8790349229494,1825.8790349229494,2235727.865981267,2235727.865981267,1,textstory,d1a21da7
143,4,20,562.0867850927074,517.1191830315602,201905.94738514183,110387.39397233786,8,textstory,d1a21da7
144,1,17,1752.481415130351,1752.481415130351,2100000.3773511774,2100000.3773511774,1,story,d1a21da7
144,2,17,452.25811621626997,330.2177388439183,160134.4504972597,72066.26950463673,16,story,d1a21da7
144,4,17,656.586193824097,300.74344296496514,98482.39803250396,38585.18367030415,14,story,d1a21da7
145,1,18,1201.6768227012683,890.8471870304493,1417943.2737267946,852108.8483375541,2,story,d1a21da7
145,2,18,546.6690360490765,296.73888226890415,263909.20526552806,67346.0602455649,20,story,d1a21da7
145,4,18,729.3826681830715,257.84116041708285,74536.03383395684,32585.35914641149,14,story,d1a21da7
146,1,7,1826.285701230968,1826.285701230968,2163497.248150422,2163497.248150422,1,story,d1a21da7
146,2,7,715.6542511028399,347.91008311649233,296467.3005385912,92896.88883818433,8,story,d1a21da7
146,4,7,1092.6322330783016,361.29932854164207,162158.20045495068,39905.94944425728,14,story,d1a21da7
147,1,2,1233.3550998326457,1179.8678075543503,1419745.8780041889,1020906.2708364249,2,story,d1a21da7
147,2,2,652.239023297491,334.88621590024684,290514.54285954183,97640.17265657139,10,story,d1a21da7
147,4,2,402.759770471464,213.79966775010024,71122.40130332865,25099.189800371285,18,story,d1a21da7
148,1,3,1801.4956896419108,1801.4956896419108,2072698.2125323075,2072698.2125323075,1,story,d1a21da7
148,2,3,854.2750013606783,349.92155211214094,241742.51377420902,89256.8475450815,10,story,d1a21da7
148,4,3,414.6290839536807,285.01283159045255,73247.29232161898,33571.797327872606,14,story,d1a21da7
149,1,8,790.2343965398401,604.7106626404745,597463.0615906722,331991.01654639136,6,story,d1a21da7
149,2,8,689.4687844637442,486.20216197970507,282165.189419136,185041.8970019693,7,story,d1a21da7
149,4,8,753.036858974359,280.80992645067744,72398.08993617177,27802.56302745678,14,story,d1a21da7
150,1,10,1143.7853135581447,667.3823517511992,726031.2295938119,320520.99335344235,7,story,84c6494d
150,2,10,488.20566058495564,279.52138790742276,99286.74753923579,41534.26822997866,28,story,84c6494d
150,4,10,646.1291291873449,218.59360770097672,113367.18555183844,24415.52842430181,27,story,84c6494d
151,1,29,625.4620403217251,548.7978066876971,245562.4247271761,191767.77551152668,10,story,84c6494d
151,2,29,384.6442874311572,234.8944136903821,129699.8197984077,37385.539947770405,28,story,84c6494d
151,4,29,408.38497089294486,190.897330700735,59388.155405931255,20927.53941074799,27,story,84c6494d
152,1,33,1745.4670932380477,1745.4670932380477,2006026.8163833239,2006026.8163833239,1,textstory,84c6494d
152,2,33,500.2971877031824,326.4066840523583,156171.07868603122,64036.85330582155,8,textstory,84c6494d
152,4,33,678.3589510751566,451.8853947686777,252630.86868952963,147963.52633614003,6,textstory,84c6494d
153,1,13,761.7540888001447,585.3219017307231,427148.86175606964,261532.7563051829,8,story,84c6494d
153,2,13,462.52727467603904,283.8907671408612,142369.02998146805,51566.115107051104,24,story,84c6494d
153,4,13,386.01318561310995,209.16306886399738,39502.9173826204,19960.716781851195,23,story,84c6494d
154,1,44,629.3592631274556,560.3912617085141,352707.7514631149,195120.11624537274,10,story,84c6494d
154,2,44,389.01959077967604,247.47805298639219,118506.68321756243,38447.05682212877,34,story,84c6494d
154,4,44,355.19815575889174,173.44576989463977,54880.103947986674,21705.524897443254,20,story,84c6494d
155,1,43,1148.616629708085,761.6494993655668,1301029.28474325,640709.2476822153,3,story,84c6494d
155,2,43,721.6470697874664,366.62888782504376,249357.9788434604,88156.98649334168,16,story,84c6494d
155,4,43,1030.3832402004498,253.92379066587188,84591.94323295025,24899.338132093104,18,story,84c6494d
156,1,23,1777.337939295969,1777.337939295969,2114330.2353413156,2114330.2353413156,1,advertisement,84c6494d
156,4,23,1135.9959554238394,638.6529023554624,188994.30916398202,127759.59607649225,10,advertisement,84c6494d
157,1,21,611.9055857125973,571.2672559443886,311246.27436601237,237561.59789949915,8,story,84c6494d
157,2,21,474.0488864845043,228.0786731162215,139361.4992197994,42086.10351072334,29,story,84c6494d
157,4,21,279.6898197398095,155.49021786315927,46488.5981205765,14458.274516934645,20,story,84c6494d
158,1,47,593.1366084994311,566.1631545877092,328116.4484400229,208274.50383059384,9,story,84c6494d
158,2,47,435.4810372009449,301.3259988482042,99409.15199138701,49571.1341515723,27,story,84c6494d
158,4,47,339.1628218052109,192.7495630440726,43795.01085542856,20553.775633147314,16,story,84c6494d
159,1,6,818.4888112307538,644.8987276839187,426052.7867180434,318944.0344804781,7,story,84c6494d
159,2,6,475.71617795024474,223.34665235580965,103117.69675446188,29742.03965568921,35,story,84c6494d
159,4,6,648.9665723221672,213.03594065938304,92761.12441218639,24495.224016444154,20,story,84c6494d
160,1,36,610.6833242072693,567.9572305926009,350684.03082228807,271994.6236760228,7,story,84c6494d
160,2,36,473.6718157001683,306.93930842964954,117038.21938109225,47708.53255701685,22,story,84c6494d
160,4,36,546.7173283705542,248.3603218757746,70139.38055456408,24612.91301810858,14,story,84c6494d
161,1,16,1235.5367354111265,685.4389562081732,1412614.7008361653,493184.62816000753,4,story,84c6494d
161,2,16,987.5505274788984,453.90724665453797,534562.6474009294,171190.57678865275,10,story,84c6494d
161,4,16,1050.6814835187913,318.4865062900294,108478.26936365053,34604.89953292579,14,story,84c6494d
162,1,22,665.2394637872208,579.4911127235581,357393.4485281899,233918.47887553927,8,story,84c6494d
162,2,22,464.3587201275948,252.00224271866483,131705.26593509084,48437.70905231431,22,story,84c6494d
162,4,22,347.2406253230977,196.4114448143309,44429.322928846,24033.64839209476,15,story,84c6494d
163,1,48,707.291747441067,609.5852178798597,314181.5445413909,208564.79477538387,9,story,84c6494d
163,2,48,550.8845595925616,291.31549264632486,107161.59214104337,52616.50704664979,19,story,84c6494d
163,4,48,592.9414078654879,209.37194076658284,67215.07466726673,23132.782780188347,27,story,84c6494d
164,1,50,1146.429209870874,1142.369142274144,688896.7284181417,671160.4246129842,3,advertisement,84c6494d
164,2,50,227.8687673348578,164.318148714382,45147.986730031975,19271.967920963914,10,advertisement,84c6494d
164,4,50,748.8836170130273,324.24012465998226,90428.84845123453,34544.65941408097,19,advertisement,84c6494d
165,1,15,1772.1845381285507,1772.1845381285507,2011858.5915969328,2011858.5915969328,1,textstory,84c6494d
165,2,15,475.76869805288777,352.6909074714964,172319.23541688305,80503.52361610351,8,textstory,84c6494d
165,4,15,1007.3592193073434,417.42474855995704,83901.60048746783,47307.02034906857,13,textstory,84c6494d
166,1,40,799.3868716884033,572.6054205464208,389080.90514426795,214012.52052300016,9,story,84c6494d
166,2,40,463.873777912063,262.2352734796336,126066.82362922514,36916.36949053365,25,story,84c6494d
166,4,40,434.5241095430107,199.35232842081382,90008.41602420568,20244.490086243608,18,story,84c6494d
167,1,49,1557.742162630038,1557.742162630038,1863277.831395395,1863277.831395395,1,advertisement,84c6494d
167,2,49,218.6571094396196,163.47054412446428,42145.257770119235,25269.5520143449,3,advertisement,84c6494d
167,4,49,633.5322301973481,336.1562106569332,215227.89132252638,55069.7892368389,11,advertisement,84c6494d
168,1,27,741.0767712210504,590.7830023728404,411298.41005424905,238137.8936016425,8,story,84c6494d
168,2,27,485.89969758064524,241.43964507329787,190374.01067459467,44283.94963625238,36,story,84c6494d
168,4,27,346.65101258788263,159.7140537115357,45126.45038095573,18643.5561939559,24,story,84c6494d
169,1,45,595.1034840530111,559.2796152816732,266418.65055172745,208313.83846022596,9,story,84c6494d
169,2,45,368.01430100484254,270.8630692558877,80968.2122967202,41357.357537225216,29,story,84c6494d
169,4,45,356.45754982165016,169.29661198433655,31169.113858310615,18034.236390872597,21,story,84c6494d
170,1,5,635.021275977047,572.6499668652332,344200.5811471053,234894.10049742018,8,story,84c6494d
170,2,5,433.95737767134256,296.05416498976086,123775.85985353767,47333.34787582826,30,story,84c6494d
170,4,5,561.1635067721257,186.6815057611782,46075.29921948107,18321.273848669134,23,story,84c6494d
171,1,12,1151.9984343901856,665.0323918789192,651792.0022552607,282135.47505422914,7,story,84c6494d
171,2,12,437.495799572269,282.8751773716879,115894.18083765663,49477.17187663104,21,story,84c6494d
171,4,12,566.299562162363,239.61049466033347,75925.08305551353,29151.70079790267,27,story,84c6494d
172,1,14,719.0716840493178,580.4464655552404,416615.8435019902,263139.69307745964,7,story,84c6494d
172,2,14,410.9795413741822,283.940047763936,127506.57738221218,54551.547017825025,20,story,84c6494d
172,4,14,368.0566123539599,225.30406287940718,50903.641342760275,27400.110728982243,17,story,84c6494d
173,1,42,1771.1279448227478,1771.1279448227478,2012442.0658737568,2012442.0658737568,1,textstory,84c6494d
173,2,42,574.2663492853865,195.88930304745102,110596.77351831087,27206.913726911404,18,textstory,84c6494d
173,4,42,594.5069470023005,306.3398836932962,188686.50122866215,57747.96629578073,14,textstory,84c6494d
174,1,1,1797.928475013809,1797.928475013809,2153778.667439393,2153778.667439393,1,unknown,84c6494d
174,2,1,438.4836127328415,388.36624879668847,143314.46233033092,113460.46833784894,3,unknown,84c6494d
174,4,1,1138.1364581011069,1116.6996347021018,140122.7836676754,93351.82750973522,7,unknown,84c6494d
175,1,30,1789.501130443983,1789.501130443983,2071070.450936132,2071070.450936132,1,advertisement,84c6494d
175,4,30,1069.8572302377354,770.2718477588336,210362.2548068354,157675.2070347589,2,advertisement,84c6494d
176,1,0,1171.3405896258612,1171.3405896258612,1346161.2287083387,1346161.2287083387,1,cover,84c6494d
176,2,0,453.05553785498995,137.64989759922182,112453.31481426879,20694.661048667094,11,cover,84c6494d
176,4,0,1127.3826933577595,334.0460119735442,70877.51628684202,31822.86471240449,11,cover,84c6494d
177,1,41,1788.1557255369462,1788.1557255369462,2022880.0339003056,2022880.0339003056,1,advertisement,84c6494d
177,2,41,167.72009477308302,138.91555608961156,21438.86918086413,12240.809363193535,6,advertisement,84c6494d
177,4,41,1028.9852726055237,357.7569669586546,118857.18168307308,45886.45324639939,15,advertisement,84c6494d
178,1,28,622.5177370486326,565.9666940148534,318291.99859652494,186912.69035370025,10,story,84c6494d
178,2,28,405.59207517048935,256.3122541814711,101228.48127314876,46284.77647697496,31,story,84c6494d
178,4,28,586.8783198278536,222.7858792373306,45060.569515540796,22173.119816121023,17,story,84c6494d
179,1,4,710.0142082170182,599.8877650848331,399988.9596751309,247387.69169850965,8,story,84c6494d
179,2,4,453.0447366204869,257.85142900869783,125826.20398819195,40452.644957698525,30,story,84c6494d
179,4,4,409.4337229890406,227.62817083748382,74579.45688856242,28942.008814977726,21,story,84c6494d
180,1,11,712.955042584264,599.9162048994115,383315.8848547375,232231.79531091955,8,story,84c6494d
180,2,11,470.96211205038776,303.78644842907966,138664.30930346617,59581.41626526303,21,story,84c6494d
180,4,11,682.7007486171424,214.0655853143921,79504.95045602505,23412.312502815093,24,story,84c6494d
181,1,39,647.6042609455371,581.1823367003507,333625.101669135,268613.9366626207,7,story,84c6494d
181,2,39,442.6893513492555,265.57201722599336,141354.8744055014,56167.93478758721,13,story,84c6494d
181,4,39,553.9127523392266,193.65677088129314,60535.369271256066,16571.020193398104,16,story,84c6494d
182,1,26,593.2997121062124,568.7749155719284,266272.04688960407,215536.47634660028,9,story,84c6494d
182,2,26,457.9341896903243,305.218549717139,113562.91537373507,51070.57681989483,29,story,84c6494d
182,4,26,407.93670578570874,189.466831496008,47677.10114941277,21058.327505260128,23,story,84c6494d
183,1,24,1737.5910572525338,1148.41385515159,1965653.8177834752,914992.6353779729,3,story,84c6494d
183,2,24,754.6424480782155,324.83097207922464,527172.3680856861,64088.22988401174,21,story,84c6494d
183,4,24,912.2661783046423,284.13631541242916,124421.48721637692,33035.672410627485,9,story,84c6494d
184,1,19,621.3770519724181,578.7015010273349,347498.0983649409,279573.5474915806,7,story,84c6494d
184,2,19,543.206994093776,255.15340039721139,175746.91175671344,52740.42889420808,24,story,84c6494d
184,4,19,351.27098518920604,209.74977237258278,35790.729433415065,20303.14543616201,15,story,84c6494d
185,1,25,621.0092015102115,568.6537155325825,323626.7368250327,213251.4147812823,9,story,84c6494d
185,2,25,441.800053149198,249.38844999825633,114172.62640647136,42901.60849258021,29,story,84c6494d
185,4,25,319.09705478362156,184.2309529178909,57759.52211504066,21210.911057403242,19,story,84c6494d
186,1,9,779.029552122105,605.3721073749812,466505.55311255244,249849.32079776283,8,story,84c6494d
186,2,9,430.47045358303376,279.440865214342,88940.691549653,41922.79092105218,28,story,84c6494d
186,4,9,525.7591582015096,194.3866591324464,62842.071966719304,19759.963875557198,30,story,84c6494d
187,1,32,1281.2303806334378,1199.1063820702989,1469565.012441228,1009166.3019119604,2,textstory,84c6494d
187,2,32,350.592011997781,350.592011997781,95979.22740055714,95979.22740055714,1,textstory,84c6494d
187,4,32,1145.7498183023276,581.0949776961892,442515.69517904526,196855.02540221263,4,textstory,84c6494d
188,1,46,606.5506751326316,564.265256861462,349936.25721445394,235315.0005476248,8,story,84c6494d
188,2,46,456.07501897594625,350.35906019451977,137120.1413867066,81331.70565812345,15,story,84c6494d
188,4,46,289.8665157598933,188.97933713975834,43879.86450130952,19657.655015252003,17,story,84c6494d
189,1,37,688.4933358090688,594.1049252837863,397505.76604004216,273494.01596811303,7,story,84c6494d
189,2,37,396.94400645568317,235.57386326926337,83253.6594764721,32622.78815785505,21,story,84c6494d
189,4,37,437.14962589336494,233.69490854943712,35854.901725272604,23676.04133617266,13,story,84c6494d
190,1,51,1667.5447408862537,1667.5447408862537,1955024.9500882595,1955024.9500882595,1,unknown,84c6494d
190,2,51,174.8136701948381,118.48960505774593,20540.618060614757,10688.845984224752,13,unknown,84c6494d
190,4,51,1065.0389312415994,396.08584925396764,152556.00687540008,40416.66969647788,9,unknown,84c6494d
191,1,35,674.4332956419788,617.8716771305117,384970.00577440375,320593.43414883007,6,story,84c6494d
191,2,35,478.2702323717948,336.1616186699055,209292.293766989,75147.79870879298,16,story,84c6494d
191,4,35,620.2832722880803,238.9193761118907,46002.208696150745,16729.429893252513,13,story,84c6494d
192,1,34,1160.4382154818106,795.0453952680818,1327768.027292724,661425.0871269809,3,story,84c6494d
192,2,34,740.182790283249,409.2434047655253,352251.9237892677,135292.65168774774,7,story,84c6494d
192,4,34,595.9159781658718,265.6260089588041,30694.132139339363,22941.972722949202,7,story,84c6494d
193,1,31,1760.6244428778655,1760.6244428778655,2107884.051611066,2107884.051611066,1,textstory,84c6494d
193,2,31,403.02011369846343,403.02011369846343,119280.82279108421,119280.82279108421,1,textstory,84c6494d
193,4,31,893.9444910134551,480.9254417291103,332810.2218186578,144432.10783904014,8,textstory,84c6494d
194,1,20,593.95787851933,561.2594521089603,330067.66022034426,234956.6758764331,8,story,84c6494d
194,2,20,422.08273034445006,245.4151045456284,107308.75882411055,46895.48956321677,20,story,84c6494d
194,4,20,425.955318832713,154.8711507757402,52990.047345191386,15633.564009093445,23,story,84c6494d
195,1,17,657.4742425434829,599.7904121112908,335396.1507059186,279824.2638955809,7,story,84c6494d
195,2,17,391.6261179177005,292.8902052172522,135173.24054488112,54401.3044603681,28,story,84c6494d
195,4,17,308.91959645513464,227.96493080177476,55498.35850550644,26019.811879325527,15,story,84c6494d
196,1,18,680.1084557873244,584.0236516011507,385508.8329102245,242280.51540974903,8,story,84c6494d
196,2,18,403.2381211404545,292.2560357519136,130394.92475148843,58174.93373979503,22,story,84c6494d
196,4,18,451.36387574958655,195.1608812762381,71058.60440001478,22216.003025607235,17,story,84c6494d
197,1,7,661.1659072863355,575.0650327745561,374476.84279427864,237421.60713798105,8,story,84c6494d
197,2,7,454.44306333553004,228.06991360562654,67986.58355788066,33881.939711562125,29,story,84c6494d
197,4,7,409.2656314619521,208.21255382613873,46658.676739911374,21438.29435692861,20,story,84c6494d
198,1,2,1328.1710355626146,1232.1344004037855,1531469.2328862592,978661.0333137506,2,story,84c6494d
198,2,2,794.3158655642476,590.3571744705858,218454.82136547883,138429.08114412188,7,story,84c6494d
198,4,2,1097.2088658385676,321.8813778847819,162002.01307053198,54792.584168114765,11,story,84c6494d
199,1,3,615.6440901536319,582.0615194445327,341498.97797529894,244082.23055526253,8,story,84c6494d
199,2,3,444.76878728994075,241.86644944757825,132600.31604476718,39862.82183533845,29,story,84c6494d
199,4,3,365.90027410792754,180.12173946256243,60744.90356027916,21702.2687804469,22,story,84c6494d
200,1,8,622.7227474522217,571.2093980947561,284725.7333085304,215003.297017982,9,story,84c6494d
200,2,8,387.7521064771231,253.01562726807097,97415.06308873682,38975.36602725834,30,story,84c6494d
200,4,8,397.36303892679905,172.00046532301855,45349.11293167632,19580.0539833542,27,story,84c6494d
201,1,38,626.1553768287324,576.5233470388881,329755.0063992086,265674.84683157195,7,story,84c6494d
201,2,38,383.57231881097306,250.14579303266007,128887.69595989716,43927.53156249447,13,story,84c6494d
201,4,38,609.2196910217639,202.73602564650676,68880.3700661109,19729.695572095367,14,story,84c6494d
202,1,10,1187.3538454465556,888.4966275838781,943574.6431154683,551584.9969160588,2,story,9597353e
202,2,10,505.1372163916594,222.14220678995176,105174.93827485236,35922.76050054685,23,story,9597353e
202,4,10,272.0287239741516,156.00934865702797,18137.808031371125,9077.368550789444,10,story,9597353e
203,1,29,816.8787910349939,528.5010637246393,326265.1717856065,191499.61400606652,5,story,9597353e
203,2,29,384.79036291313133,202.725182730378,63796.850319531855,23069.220351529595,26,story,9597353e
203,4,29,312.7633352224446,174.50845971059215,23552.72546273881,11718.435046660048,14,story,9597353e
204,1,33,1117.0163368005308,1117.0163368005308,911400.8977570336,911400.8977570336,1,textstory,9597353e
204,4,33,261.6815686011597,261.6815686011597,61169.43582450462,61169.43582450462,1,textstory,9597353e
205,1,13,793.6127472470738,514.5924126419011,627976.3179290605,265326.5568973587,4,story,9597353e
205,2,13,395.7727914019014,230.16257312305154,120513.76529317103,36536.37620307076,15,story,9597353e
205,4,13,432.6340910241332,214.57492335191876,36684.53652828485,12839.788337505079,9,story,9597353e
206,1,23,1195.1852885012663,1195.1852885012663,968226.4230842507,968226.4230842507,1,story,9597353e
206,2,23,348.35655802814915,228.3026150887027,84734.83650844442,37952.16024713457,14,story,9597353e
206,4,23,295.20464373542023,166.87952846827216,21980.42800229103,10280.899785134741,17,story,9597353e
207,1,21,775.1453615813864,594.2291322460443,347165.12123231293,249860.32642203086,2,story,9597353e
207,2,21,422.8223199457842,193.39818488005554,145871.06442023255,37961.70185341845,14,story,9597353e
207,4,21,395.18739835887953,208.32313130299954,22167.41758524328,11834.199906440304,14,story,9597353e
208,1,6,1171.3724315807074,547.9691738096896,513417.404631116,213687.6899337094,5,story,9597353e
208,2,6,485.14221497099174,272.830989151626,92866.27750981212,48050.10042170738,9,story,9597353e
208,4,6,324.63410327491727,220.46660450697928,15932.130744849577,11311.439378446292,10,story,9597353e
209,1,16,784.6060107251913,448.4406614858708,296039.099538307,134203.35836507488,6,story,9597353e
209,2,16,240.46388134590939,146.77996072901487,56202.97842132239,16041.021052944005,20,story,9597353e
209,4,16,237.50589545423213,166.47505753913921,15162.033413050469,9002.343772803146,10,story,9597353e
210,1,22,1188.5451437860888,1188.5451437860888,958118.5037176077,958118.5037176077,1,story,9597353e
210,2,22,328.611667639521,221.13517754475086,87671.0208791773,38458.33789877004,13,story,9597353e
210,4,22,466.60708512147664,187.8581579651453,20726.375520915863,10406.496695181866,18,story,9597353e
211,1,15,470.0029787495342,383.2142579714458,189005.05249577857,120658.38759561407,5,story,9597353e
211,2,15,293.9391612227276,169.97999001057232,74355.77961699685,25280.633293188697,14,story,9597353e
211,4,15,260.2628613038926,172.45305757020373,18705.127204745582,9164.916451770952,13,story,9597353e
212,1,27,734.649292492817,498.63839305108513,406011.7626693682,208790.74417819464,4,story,9597353e
212,2,27,353.1256122026425,196.55416946622864,66803.47235906296,26515.38722934843,18,story,9597353e
212,4,27,250.30421443126204,151.58091630244144,20746.87186152343,10011.337882178386,14,story,9597353e
213,1,5,1200.4314814310608,1200.4314814310608,952061.7658917728,952061.7658917728,1,story,9597353e
213,2,5,341.280205633429,242.55052448181036,83827.64430364183,44951.38151540596,7,story,9597353e
213,4,5,450.13934904213676,218.81085823413636,24117.921584485797,13220.007998759756,9,story,9597353e
214,1,12,790.2556494078361,488.73587414117014,592921.2603881891,223412.54030489593,4,story,9597353e
214,2,12,484.69834938688575,236.72107275657402,142564.07707567525,39719.99142259251,18,story,9597353e
214,4,12,377.10568037892887,240.24263290911514,41966.1762933062,17558.209682044617,6,story,9597353e
215,1,14,469.1728792950441,413.81020172395057,163424.17664636057,128192.2924785982,7,story,9597353e
215,2,14,296.62699026784026,144.2028534340823,56056.13254136119,16514.68170340214,21,story,9597353e
215,4,14,237.39381834860507,167.94973074856318,18186.54907187187,9173.281501020336,12,story,9597353e
216,1,1,1162.2113593102758,1162.2113593102758,950338.8524585703,950338.8524585703,1,textstory,9597353e
216,4,1,783.4259232530785,430.6423113473428,56379.22648360774,30994.82415619048,2,textstory,9597353e
217,1,30,804.1889554661021,798.6418360826453,317058.44282735843,285671.22611989157,2,story,9597353e
217,2,30,371.5188304087329,189.35119587620449,95217.71750840775,25056.421427737117,15,story,9597353e
217,4,30,293.05713241488803,164.31572646821272,16798.512395874015,10172.048423475664,12,story,9597353e
218,1,0,1197.930932741878,1197.930932741878,979503.6219340088,979503.6219340088,1,cover,9597353e
218,2,0,279.8764384576233,246.88419918136196,38937.41137129501,32673.51107513474,3,cover,9597353e
218,4,0,556.6437330643007,308.32354900398434,48759.09028820267,25704.6268768577,2,cover,9597353e
219,1,28,1201.2542491999752,614.825784025554,947209.9945388903,340348.7725151761,4,story,9597353e
219,2,28,298.61506732415626,211.75633086847753,76364.7252518469,30558.804854576254,15,story,9597353e
219,4,28,344.69688349734406,184.12306391396612,61793.62438585813,17434.35669094819,11,story,9597353e
220,1,4,1192.2571614047854,1192.2571614047854,943121.201041017,943121.201041017,1,story,9597353e
220,2,4,347.8382775678942,195.70254880915215,82956.4977709635,27124.53435693196,23,story,9597353e
220,4,4,361.554933794609,186.08246208501532,32581.889283847966,12384.722483012229,12,story,9597353e
221,1,11,1199.5826907817802,1199.5826907817802,945430.6882578296,945430.6882578296,1,story,9597353e
221,2,11,721.7216124580395,196.79512673810564,244481.5738735159,40190.106653424475,8,story,9597353e
221,4,11,318.33870148639033,202.87303294394013,19229.250014285215,11865.605714426809,10,story,9597353e
222,1,26,1171.3239552475059,808.1040897256257,930359.7929549352,518806.59640701313,2,story,9597353e
222,2,26,272.30137066274585,190.7285188025717,54259.76440089505,25074.224829829433,12,story,9597353e
222,4,26,420.6081878081752,195.28879919959584,43700.55297657639,15983.052854009899,12,story,9597353e
223,1,24,1190.1082061770453,794.0232434091685,942976.1685641559,471294.0964721563,3,story,9597353e
223,2,24,368.23584218241587,244.73059444685447,83045.44757079246,44478.84334283128,15,story,9597353e
223,4,24,190.46537776975418,157.05575168309167,16129.345556746499,9397.391194722142,9,story,9597353e
224,1,19,777.8467147486381,487.19642705345035,579664.531233071,249860.84972222208,4,story,9597353e
224,2,19,306.97807882887537,224.88598857386276,76707.18649150284,31960.839938717472,16,story,9597353e
224,4,19,226.93420044147248,171.47250651898597,19003.662096103915,10862.224997578638,13,story,9597353e
225,1,25,479.10023419022855,420.37826930158667,191184.33112277754,155130.73752574393,6,story,9597353e
225,2,25,379.8265716746256,212.53698417186652,81265.96955378728,36257.28697175025,19,story,9597353e
225,4,25,335.05042585946654,211.0087705399203,37763.18628218269,16396.90526044847,10,story,9597353e
226,1,9,1179.912170456125,1179.912170456125,943441.9415470922,943441.9415470922,1,story,9597353e
226,2,9,523.9403321070986,231.3932153883375,115719.27565966858,36292.696530901645,19,story,9597353e
226,4,9,312.1433528103972,163.98241683711748,21167.879066423226,10722.98016711729,12,story,9597353e
227,1,32,799.6857813027136,506.23657116103715,318625.82843317435,186932.19014840302,5,story,9597353e
227,2,32,307.3499745426015,223.415744959145,81555.1766201693,31590.69696813537,16,story,9597353e
227,4,32,347.61015770393925,187.05508614799035,56027.81578644267,15668.610768671357,12,story,9597353e
228,1,35,1187.6965317730624,688.4038882255078,931882.0285975548,399837.60778726754,3,story,9597353e
228,2,35,284.19115760442656,208.17524008511057,48161.04931758241,28305.099433019837,13,story,9597353e
228,4,35,345.2635828801216,146.02696421905324,25247.38207134033,8522.537596221144,13,story,9597353e
229,1,34,1238.54482563416,1238.54482563416,1007597.4569758764,1007597.4569758764,1,advertisement,9597353e
229,2,34,212.76072959203185,177.0791593085078,40993.83425826284,27865.501531585145,8,advertisement,9597353e
229,4,34,620.7126270143789,199.2938440787743,66838.21281447043,20951.38342021431,12,advertisement,9597353e
230,1,31,812.3852963685529,498.98139956689255,652621.2032775133,270646.7044556584,4,story,9597353e
230,2,31,350.58961703157365,213.35592409226206,77588.88078164279,28320.494138172442,20,story,9597353e
230,4,31,182.97833253635923,139.79433559818634,12811.762331019598,9739.289417957714,11,story,9597353e
231,1,20,1203.032934732209,1203.032934732209,964905.865426553,964905.865426553,1,story,9597353e
231,2,20,379.09115193186904,184.3985623086033,130305.56287879618,31983.027072818095,9,story,9597353e
231,4,20,262.81498997185815,202.82755513239866,27236.267977708794,15142.76364534595,7,story,9597353e
232,1,17,1178.4120247183132,673.6639557203861,928458.3467661124,412315.10059715743,3,story,9597353e
232,2,17,290.0703116265916,181.69654881415047,83208.53625801892,30316.568733710643,10,story,9597353e
232,4,17,428.63331208125203,216.41389747446442,19199.695836115363,11378.042233548469,12,story,9597353e
233,1,18,1173.8350445593712,1173.8350445593712,928576.8759934427,928576.8759934427,1,story,9597353e
233,2,18,462.1052964127371,227.27144684937167,90469.37669012854,30736.57203892306,19,story,9597353e
233,4,18,297.963134959147,206.5278560708895,45368.14987437604,21767.25462689125,5,story,9597353e
234,1,7,809.2242229115643,580.671529077345,333587.4022291024,206874.24655088893,4,story,9597353e
234,2,7,370.41357518409615,198.47748971575234,122536.97607268303,27631.838775410117,21,story,9597353e
234,4,7,263.078857085315,173.8581572387154,20710.425854453082,10600.914355443832,11,story,9597353e
235,1,2,1160.1443968672152,1160.1443968672152,899895.048634147,899895.048634147,1,story,9597353e
235,2,2,220.1860595231941,149.79857607830533,30313.54746389098,16470.655102985915,6,story,9597353e
235,4,2,502.71148685426925,292.5842897468275,112445.52715035486,35996.97542828657,5,story,9597353e
236,1,3,808.8236489314813,615.3725420989513,642047.7266936003,307035.0214713615,4,story,9597353e
236,2,3,358.63302069297515,167.8476116516835,68984.8224491386,21395.94922411681,16,story,9597353e
236,4,3,277.801758283684,170.4089590796311,18806.32600414644,11567.03655669568,14,story,9597353e
237,1,8,1198.6497883161924,1198.6497883161924,951172.938772731,951172.938772731,1,story,9597353e
237,2,8,467.5970131628618,175.2698361095541,103704.38607852685,27759.72627174242,17,story,9597353e
237,4,8,223.7346998477134,162.38666373599568,19956.761838710838,10297.807892118572,9,story,9597353e
